<?xml version="1.0" encoding="UTF-8"?>
<root>
  <item name="com.github.florent37.picassopalette.PaletteTarget PaletteTarget(int) 0">
    <annotation name="android.support.annotation.IntDef">
      <val name="value" val="{com.github.florent37.picassopalette.PicassoPalette.Profile.VIBRANT, com.github.florent37.picassopalette.PicassoPalette.Profile.VIBRANT_DARK, com.github.florent37.picassopalette.PicassoPalette.Profile.VIBRANT_LIGHT, com.github.florent37.picassopalette.PicassoPalette.Profile.MUTED, com.github.florent37.picassopalette.PicassoPalette.Profile.MUTED_DARK, com.github.florent37.picassopalette.PicassoPalette.Profile.MUTED_LIGHT}" />
    </annotation>
  </item>
  <item name="com.github.florent37.picassopalette.PaletteTarget paletteProfile">
    <annotation name="android.support.annotation.IntDef">
      <val name="value" val="{com.github.florent37.picassopalette.PicassoPalette.Profile.VIBRANT, com.github.florent37.picassopalette.PicassoPalette.Profile.VIBRANT_DARK, com.github.florent37.picassopalette.PicassoPalette.Profile.VIBRANT_LIGHT, com.github.florent37.picassopalette.PicassoPalette.Profile.MUTED, com.github.florent37.picassopalette.PicassoPalette.Profile.MUTED_DARK, com.github.florent37.picassopalette.PicassoPalette.Profile.MUTED_LIGHT}" />
    </annotation>
  </item>
  <item name="com.github.florent37.picassopalette.PicassoPalette com.github.florent37.picassopalette.PicassoPalette intoBackground(android.view.View, int) 1">
    <annotation name="android.support.annotation.IntDef">
      <val name="value" val="{com.github.florent37.picassopalette.PicassoPalette.Swatch.RGB, com.github.florent37.picassopalette.PicassoPalette.Swatch.TITLE_TEXT_COLOR, com.github.florent37.picassopalette.PicassoPalette.Swatch.BODY_TEXT_COLOR}" />
    </annotation>
  </item>
  <item name="com.github.florent37.picassopalette.PicassoPalette com.github.florent37.picassopalette.PicassoPalette intoTextColor(android.widget.TextView, int) 1">
    <annotation name="android.support.annotation.IntDef">
      <val name="value" val="{com.github.florent37.picassopalette.PicassoPalette.Swatch.RGB, com.github.florent37.picassopalette.PicassoPalette.Swatch.TITLE_TEXT_COLOR, com.github.florent37.picassopalette.PicassoPalette.Swatch.BODY_TEXT_COLOR}" />
    </annotation>
  </item>
  <item name="com.github.florent37.picassopalette.PicassoPalette com.github.florent37.picassopalette.PicassoPalette use(int) 0">
    <annotation name="android.support.annotation.IntDef">
      <val name="value" val="{com.github.florent37.picassopalette.PicassoPalette.Profile.VIBRANT, com.github.florent37.picassopalette.PicassoPalette.Profile.VIBRANT_DARK, com.github.florent37.picassopalette.PicassoPalette.Profile.VIBRANT_LIGHT, com.github.florent37.picassopalette.PicassoPalette.Profile.MUTED, com.github.florent37.picassopalette.PicassoPalette.Profile.MUTED_DARK, com.github.florent37.picassopalette.PicassoPalette.Profile.MUTED_LIGHT}" />
    </annotation>
  </item>
  <item name="com.github.florent37.picassopalette.PicassoPalette int getColor(android.support.v7.graphics.Palette.Swatch, int) 1">
    <annotation name="android.support.annotation.IntDef">
      <val name="value" val="{com.github.florent37.picassopalette.PicassoPalette.Swatch.RGB, com.github.florent37.picassopalette.PicassoPalette.Swatch.TITLE_TEXT_COLOR, com.github.florent37.picassopalette.PicassoPalette.Swatch.BODY_TEXT_COLOR}" />
    </annotation>
  </item>
</root>

